{"inputs":[[0,"Linear"],[1,"Linear"],[2,"Linear"]],"hidden":[],"outputs":[[3,"Tanh"]],"feed_forward":[[1,0.6925578209346053,3],[2,-0.48562629067171814,3]],"recurrent":[],"fitness":{"raw":91.80635809755827,"shifted":0.0,"normalized":0.0},"novelty":{"raw":0.7692950168158642,"shifted":0.7193241432611727,"normalized":0.40951940389905617}}