{"inputs":[[1,"Linear"],[0,"Linear"],[2,"Linear"]],"hidden":[],"outputs":[[3,"Tanh"]],"feed_forward":[[2,-0.07702685531261189,3],[1,1.0271303788643373,3]],"recurrent":[],"fitness":{"raw":92.65248119778522,"shifted":0.0,"normalized":0.0},"novelty":{"raw":2.0776209887537256,"shifted":2.0577676189895877,"normalized":0.7260550111737358}}