{"inputs":[[0,"Linear"],[1,"Linear"],[2,"Linear"],[3,"Linear"]],"hidden":[[7,"Sigmoid"],[28,"Inverse"]],"outputs":[[4,"Tanh"]],"feed_forward":[[2,-2.722557461169901,28],[3,0.22372053591841445,28],[2,-4.274417136772531,4],[3,-3.501775783399226,4],[7,-9.251216077637812,4],[0,1.7062272077810474,4],[0,3.0806994114335895,7],[1,-16.179130944963614,4],[1,-3.9382670460904867,7],[3,4.895302649940782,7],[2,-8.237762769143403,7],[28,-9.730299257333492,7]],"recurrent":[[0,0.11968062137959112,7],[1,5.46031526406237,7],[1,11.759108996880613,4],[7,0.974689589614691,4],[3,5.716547181677208,4],[3,2.290336618401704,7]],"fitness":{"raw":-288.4663949239529,"shifted":386.26712237483815,"normalized":1.0},"novelty":{"raw":0.3290078869010437,"shifted":0.16247879627945191,"normalized":0.16247879627945191}}