{"inputs":[[0,"Linear"],[3,"Linear"],[2,"Linear"],[1,"Linear"]],"hidden":[[5,"Inverse"]],"outputs":[[4,"Tanh"]],"feed_forward":[[1,-1.9254160050389042,5],[1,-8.571064075398814,4],[2,-1.330596957387041,4],[5,-0.5461353313531245,4],[2,-0.3014517597082098,5],[3,-0.5821371944080227,5]],"recurrent":[[1,2.9630514669550467,5],[1,2.335796512321851,4],[5,-2.643276958416502,4]],"fitness":{"raw":-396.12707458736537,"shifted":330.2759610185098,"normalized":0.7855449540999637},"novelty":{"raw":0.6209063631678354,"shifted":0.4751716661886185,"normalized":0.42314264274451424}}