{"inputs":[[2,"Linear"],[3,"Linear"],[0,"Linear"],[1,"Linear"]],"hidden":[[93,"Cosine"],[98,"Linear"],[7,"Relu"],[136,"Linear"],[83,"Linear"],[104,"Relu"],[41,"Tanh"],[10,"Absolute"],[141,"Sine"],[124,"Step"],[86,"Sigmoid"],[46,"Inverse"],[158,"Relu"],[63,"Step"]],"outputs":[[4,"Tanh"]],"feed_forward":[[2,-5.054767697979592,63],[7,-2.3127315353387035,4],[2,3.865274232588838,86],[0,-5.003894659058077,7],[83,-5.921002219637455,93],[63,6.461088304932714,158],[0,-8.235205020531492,4],[93,0.46379924384743165,63],[3,3.4249798735179238,7],[3,-2.9510085380377067,46],[63,-8.68105367491796,141],[63,9.908593066993053,136],[83,7.828935474394754,63],[3,4.261102836994758,4],[86,4.519002659469489,63],[10,-7.086473246701354,41],[0,-1.0495778718652422,83],[124,-15.402958249317933,63],[0,7.988104192823624,98],[0,-5.934152889858847,10],[158,4.232034657644649,7],[2,8.584204377381285,136],[1,-5.018804122042519,4],[1,-10.547634154342802,7],[2,9.341441446443188,7],[41,-12.994787168673652,7],[141,-5.242421738807775,7],[2,-11.268414525882601,4],[3,2.706872781900799,158],[98,3.3858520218913197,83],[2,-6.43789041855397,83],[10,-17.007559394948093,7],[83,0.17770778920774277,104],[0,1.389833708320372,124],[1,4.852940243361781,86],[2,16.130767274469537,10],[0,-13.236515550785908,63],[136,-15.445080184075799,7],[104,-3.414320997996469,93],[46,7.146102177007439,7],[3,-9.555145692711164,63],[63,-0.9645551075654542,7]],"recurrent":[[63,-0.07433909045229226,86],[0,-11.060967126423707,7]],"fitness":{"raw":-193.79708874008443,"shifted":1245.0323272630258,"normalized":0.9706964452779755},"novelty":{"raw":0.0,"shifted":0.0,"normalized":0.0}}