{"means":{"v":1,"dim":[3],"data":[0.27625721239018236,-0.006355773866628544,1.1396159946979947]},"standard_deviations":{"v":1,"dim":[3],"data":[0.668619646551677,0.6903544922618186,4.503330440548724]}}