{
  "inputs": [
    [8, "Linear"],
    [4, "Linear"],
    [6, "Linear"],
    [7, "Linear"],
    [1, "Linear"],
    [0, "Linear"],
    [2, "Linear"],
    [3, "Linear"],
    [5, "Linear"]
  ],
  "hidden": [],
  "outputs": [
    [11, "Tanh"],
    [9, "Tanh"],
    [10, "Tanh"],
    [12, "Tanh"]
  ],
  "feed_forward": [
    [5, -0.21592542982634255, 12],
    [3, 0.381172945597549, 11],
    [2, -0.30977474955885953, 11],
    [5, -0.3463928221224968, 11],
    [8, -1.0004953589138288, 12],
    [4, 0.011400838160723653, 12],
    [6, 0.5076163687467392, 11],
    [3, -0.6606500886015891, 12],
    [8, -0.15546652003724734, 11],
    [5, 0.8747274141712738, 9],
    [2, -1.0703445223077186, 10],
    [2, 0.04268093743339367, 12],
    [4, 0.1146799053063193, 11],
    [4, 0.9919574009551426, 10],
    [5, 0.36133610771021374, 10],
    [3, -0.059105585884274225, 10],
    [8, -1.0473178486827306, 10],
    [2, 0.47368277524514735, 9],
    [3, -0.7350386421072268, 9],
    [4, -0.3941553626749065, 9],
    [8, -0.24305841331016184, 9],
    [0, 0.008841260932165307, 11]
  ],
  "recurrent": [],
  "fitness": {
    "raw": 215.4401683682351,
    "shifted": 1839.411655617232,
    "normalized": 1.0
  },
  "novelty": {
    "raw": 0.21018002560983284,
    "shifted": 0.06514106493553837,
    "normalized": 0.026245712056401707
  }
}
