{
  "inputs": [
    [4, "Linear"],
    [6, "Linear"],
    [2, "Linear"],
    [5, "Linear"],
    [7, "Linear"],
    [8, "Linear"],
    [3, "Linear"],
    [0, "Linear"],
    [1, "Linear"]
  ],
  "hidden": [],
  "outputs": [
    [10, "Tanh"],
    [9, "Tanh"],
    [12, "Tanh"],
    [11, "Tanh"]
  ],
  "feed_forward": [
    [3, -1.1949841889853203, 11],
    [7, 0.4991645447490884, 10],
    [8, 0.14180715636926994, 12],
    [3, -1.0344097234228882, 9],
    [3, -0.7945966448669666, 10],
    [5, 0.3003995080317524, 11],
    [7, 0.357299377366577, 11],
    [3, 0.26805180017307734, 12],
    [7, -0.11534178249529309, 12],
    [2, -0.5233034296624542, 10],
    [8, -0.9360066416874404, 10],
    [4, 0.7164638768591436, 10],
    [2, 0.37746151169061914, 9],
    [0, -0.8111934123655549, 10],
    [5, 0.1125099349784354, 10],
    [8, 0.28856364007280594, 11],
    [5, -0.1271238846326039, 12],
    [8, -0.4158188216271717, 9],
    [7, 0.4568465954146033, 9],
    [5, -0.13754633764312485, 9],
    [2, 0.6306622058146798, 12],
    [2, -0.058019015062270834, 11]
  ],
  "recurrent": [],
  "fitness": {
    "raw": 206.976794714131,
    "shifted": 1107.7223390517865,
    "normalized": 1.0
  },
  "novelty": {
    "raw": 0.09386085791952035,
    "shifted": 0.04940592775813941,
    "normalized": 0.018206255513038904
  }
}
