{
  "inputs": [
    [7, "Linear"],
    [8, "Linear"],
    [0, "Linear"],
    [3, "Linear"],
    [5, "Linear"],
    [6, "Linear"],
    [2, "Linear"],
    [1, "Linear"],
    [4, "Linear"]
  ],
  "hidden": [],
  "outputs": [
    [11, "Tanh"],
    [12, "Tanh"],
    [9, "Tanh"],
    [10, "Tanh"]
  ],
  "feed_forward": [
    [4, -0.07028101084871835, 9],
    [0, 0.3562092403452799, 9],
    [8, -0.07041263644726038, 9],
    [7, 0.5333913201639682, 9],
    [8, -0.869257603651813, 11],
    [3, 0.5286658920904409, 12],
    [7, -0.1814693427998539, 10],
    [6, -0.4718367406512722, 11],
    [7, -0.45429911098191844, 11],
    [8, -0.27454069751322174, 12],
    [3, -0.9322118246820091, 9],
    [0, 1.000353371289247, 11],
    [3, -0.37301005159998757, 11],
    [3, -0.1278453745651854, 10],
    [0, -0.22527091737151536, 10],
    [4, 0.7591963269288218, 10],
    [4, -1.2509996018351779, 12],
    [4, -0.5992546841034826, 11],
    [0, -0.40967267335309865, 12],
    [8, -0.7147636369747727, 10],
    [7, 0.23915411825851204, 12]
  ],
  "recurrent": [],
  "fitness": {
    "raw": 208.65114344443995,
    "shifted": 2075.6084957147473,
    "normalized": 0.9897945559722591
  },
  "novelty": {
    "raw": 0.4689910134812826,
    "shifted": 0.43581012774702704,
    "normalized": 0.07361174416619562
  }
}
