{"inputs":[[7,"Linear"],[4,"Linear"],[6,"Linear"],[8,"Linear"],[1,"Linear"],[2,"Linear"],[3,"Linear"],[0,"Linear"],[5,"Linear"]],"hidden":[],"outputs":[[9,"Tanh"],[12,"Tanh"],[10,"Tanh"],[11,"Tanh"]],"feed_forward":[[4,0.872011575220403,10],[5,0.8316467968083625,9],[0,-0.27797810323843264,10],[3,-0.0541200424156692,9],[0,0.913083871652166,9],[7,-0.12295113879500862,11],[7,-0.20789931988683563,12],[0,1.1345656733717817,12],[3,0.16435981452093737,11],[4,0.6924516377822637,11],[0,-0.5781793371943608,11],[3,-1.014789433284989,10],[7,0.4060212296062229,10],[4,0.022211655716419254,12],[5,0.6828635730873888,10],[4,-1.1932577725969167,9],[7,0.28807137729062404,9],[5,0.11054463713535581,12],[5,-0.12065858500883596,11],[3,0.7672437829123927,12]],"recurrent":[],"fitness":{"raw":215.68717568669246,"shifted":2263.18925175015,"normalized":1.0},"novelty":{"raw":0.1080019326056736,"shifted":0.035454829135417934,"normalized":0.021123967195558237}}