{
  "inputs": [
    [1, "Linear"],
    [7, "Linear"],
    [4, "Linear"],
    [5, "Linear"],
    [8, "Linear"],
    [0, "Linear"],
    [3, "Linear"],
    [6, "Linear"],
    [2, "Linear"]
  ],
  "hidden": [],
  "outputs": [
    [12, "Tanh"],
    [9, "Tanh"],
    [10, "Tanh"],
    [11, "Tanh"]
  ],
  "feed_forward": [
    [4, -0.578199848783742, 11],
    [2, -0.2796996701405672, 10],
    [2, -0.6877028733837685, 11],
    [5, -0.5579250804677316, 9],
    [5, -0.556835657820048, 10],
    [7, 0.40759415504521046, 12],
    [7, -0.933744487084178, 10],
    [1, 0.014772470320843598, 9],
    [1, -0.05647894452235952, 11],
    [1, 0.1849815176684783, 10],
    [1, -0.08951647001643215, 12],
    [7, -0.2513206594868448, 11],
    [2, -0.5288264639170784, 9],
    [4, -0.11968045497522542, 12],
    [7, 0.3311820666159082, 9],
    [4, -0.2836633202605918, 10],
    [5, -1.1041810455935623, 11],
    [4, -0.24081033064229201, 9],
    [5, -0.3495730782834374, 12],
    [2, 1.144712578380157, 12]
  ],
  "recurrent": [],
  "fitness": {
    "raw": 263.4320702875558,
    "shifted": 614.798168163754,
    "normalized": 1.0
  },
  "novelty": {
    "raw": 4.491235105958581,
    "shifted": 4.480352059984706,
    "normalized": 0.9619057628886325
  }
}
