{"inputs":[[3,"Linear"],[1,"Linear"],[8,"Linear"],[5,"Linear"],[2,"Linear"],[4,"Linear"],[6,"Linear"],[0,"Linear"],[7,"Linear"]],"hidden":[[109,"Relu"],[12,"Sigmoid"]],"outputs":[[9,"Tanh"],[10,"Tanh"]],"feed_forward":[[3,-1.5046653373896308,10],[5,1.5056420943293867,12],[6,1.128490082539174,9],[1,1.8931769639896225,12],[1,-1.5368466583200522,9],[4,-0.20814997806072277,9],[4,5.234772098295608,10],[0,1.9067722946458192,12],[7,-1.3759737775895893,9],[0,-2.2068748331712715,10],[7,-0.5694604642888024,10],[4,0.9073410811852796,12],[3,-3.214741344546598,9],[0,0.02749545911746698,9],[8,0.5210502738995535,109],[109,-0.13041861031747404,12],[6,0.264834729269966,109],[12,-1.8237035582953143,9],[6,1.1623141743359668,12],[8,-0.48550287344603715,12],[6,0.3664480654741453,10],[8,0.3003601785739445,9]],"recurrent":[[5,-1.352837948725565,12],[8,-0.4207051927037373,12],[1,-0.7724147054495163,12]],"fitness":{"raw":202.19032742916494,"shifted":6304.328556423338,"normalized":1.0},"novelty":{"raw":0.22228275707887865,"shifted":0.05847065733761375,"normalized":0.014971782941742963}}