{
  "inputs": [
    [1, "Linear"],
    [7, "Linear"],
    [8, "Linear"],
    [2, "Linear"],
    [4, "Linear"],
    [0, "Linear"],
    [6, "Linear"],
    [3, "Linear"],
    [5, "Linear"]
  ],
  "hidden": [[32, "Relu"]],
  "outputs": [
    [9, "Tanh"],
    [10, "Tanh"]
  ],
  "feed_forward": [
    [0, -1.166172366881137, 10],
    [3, -3.0232144413860498, 9],
    [32, 1.7358919570886522, 10],
    [6, 1.2292183597462467, 10],
    [5, 1.8363607120199057, 10],
    [5, 0.008901161821609715, 9],
    [6, 1.962588355262616, 9],
    [7, -1.1563338157213394, 32],
    [2, -1.3260865864546927, 32],
    [4, 1.5152388360056785, 10],
    [4, 1.5699264440946945, 9],
    [3, 1.5863965392682822, 32],
    [3, 1.3538962204782776, 10],
    [0, -0.31464617329983957, 9]
  ],
  "recurrent": [
    [1, 2.1808329448038943, 32],
    [3, 0.06832008078898277, 32],
    [4, -1.3984466190032736, 9],
    [2, -0.8582345108387968, 32],
    [6, -1.3264235814685277, 9],
    [7, -0.22917868027751176, 32],
    [2, -0.14064163157540954, 9]
  ],
  "fitness": {
    "raw": 223.95062604609663,
    "shifted": 1717.1327669242453,
    "normalized": 0.9908367404876305
  },
  "novelty": {
    "raw": 0.4914635206877691,
    "shifted": 0.2736166894577622,
    "normalized": 0.14487415415816024
  }
}
