{
  "inputs": [
    [5, "Linear"],
    [7, "Linear"],
    [8, "Linear"],
    [6, "Linear"],
    [1, "Linear"],
    [0, "Linear"],
    [2, "Linear"],
    [4, "Linear"],
    [3, "Linear"]
  ],
  "hidden": [
    [84, "Sigmoid"],
    [14, "Step"],
    [18, "Sine"],
    [96, "Cosine"],
    [17, "Step"],
    [199, "Absolute"],
    [41, "Relu"]
  ],
  "outputs": [
    [9, "Tanh"],
    [10, "Tanh"]
  ],
  "feed_forward": [
    [5, 1.663509572519376, 10],
    [3, -0.04492009883289501, 84],
    [7, -0.4801323786384224, 17],
    [14, -0.5356893717850156, 9],
    [0, 1.780322762126783, 17],
    [5, -0.13114929908104345, 9],
    [5, 0.017568798770277838, 84],
    [7, -0.1723457251314442, 84],
    [96, -0.1650972910064356, 41],
    [18, -0.05944305334101534, 9],
    [4, 0.9779362649659095, 96],
    [5, 0.5664651160565725, 199],
    [84, -0.39859914036432365, 17],
    [2, -0.0028269480663024454, 9],
    [84, 0.7914727038371072, 18],
    [2, 0.18561174776238398, 14],
    [84, 0.37842406402771345, 14],
    [0, 0.119136350989515, 10],
    [2, -0.9774311236392415, 10],
    [17, -0.2768683946025106, 9],
    [199, -0.20546936308977987, 84],
    [0, 0.18153276461568016, 9],
    [8, -0.9681272721401196, 14],
    [4, 0.09839692392318651, 41],
    [3, -0.1248383436510616, 10],
    [3, -0.4962596997104549, 17],
    [4, -0.12576935401484537, 10],
    [3, -1.3821402267318703, 9],
    [41, -0.09108543461443804, 17],
    [4, -0.24485475886001468, 9],
    [0, 1.5439534989110897, 18],
    [4, 0.1858358557309099, 17],
    [14, 0.4693534367856563, 18],
    [8, 0.20269211425379813, 84]
  ],
  "recurrent": [
    [84, -0.6847179430657007, 14],
    [8, 0.501047666791347, 84],
    [0, 0.19000100902085043, 14],
    [7, 0.8156717863922475, 84],
    [1, -0.04006815128686622, 17],
    [2, -0.06394726244367302, 84],
    [0, 0.26896593143327646, 84],
    [1, -0.7315060637979728, 84],
    [5, -0.18671542553491766, 84]
  ],
  "fitness": {
    "raw": 212.94358142756585,
    "shifted": 1472.2346926977132,
    "normalized": 1.0
  },
  "novelty": {
    "raw": 0.3252398504586637,
    "shifted": 0.009245280638832731,
    "normalized": 0.003290138499941703
  }
}
