{"means":{"v":1,"dim":[8],"data":[-0.10222311595474118,0.08254495140634255,-0.007483070351090201,-0.06213681394488976,0.0039326736482357925,-0.0008912581471602752,0.4035964035964036,0.43956043956043955]},"standard_deviations":{"v":1,"dim":[8],"data":[0.14710075043098925,0.2585836375362299,0.22642013103740702,0.2150743914737945,0.12097089632048036,0.2635369742078601,0.49061833088507084,0.49633361717082286]}}