{"means":{"v":1,"dim":[8],"data":[-0.5161354140021264,0.008297455541439588,-0.04844265134463992,-0.06554432932422967,-0.0013802011080815601,0.0015974492681142362,0.48451548451548454,0.4205794205794206]},"standard_deviations":{"v":1,"dim":[8],"data":[0.17351472693863995,0.25003136834208606,0.30581959954760773,0.23877134840545847,0.14169254775795656,0.13107403857303954,0.4997601722628667,0.49365207541800094]}}