{"means":{"v":1,"dim":[8],"data":[-0.2390603014042303,0.21477048334511617,-0.03451451606043478,-0.06259506407267038,0.025756029702665342,-0.002229328451342056,0.37662337662337664,0.37962037962037964]},"standard_deviations":{"v":1,"dim":[8],"data":[0.1384122879548357,0.5138007078823144,0.0938403026256247,0.2548403352708466,0.0825728466889615,0.15633570655055978,0.48453917158902937,0.48529243451475584]}}