{"means":{"v":1,"dim":[8],"data":[-0.13139627807515525,0.06813164132614696,-0.0008682359519983575,-0.061940076797265424,-0.03718262027288327,-0.0015048488506291793,0.44555444555444557,0.4965034965034965]},"standard_deviations":{"v":1,"dim":[8],"data":[0.12012034043942701,0.2336811668573549,0.1668464362085703,0.22715533737051496,0.08220165095764459,0.13551086828398787,0.49702684193222046,0.4999877743138313]}}