{"means":{"v":1,"dim":[8],"data":[0.12850722212115998,0.061420321091098094,0.0375700742035744,-0.06794475957445337,0.4713329699971709,0.05510049171251418,0.32367632367632365,0.3726273726273726]},"standard_deviations":{"v":1,"dim":[8],"data":[0.31754332172404703,0.2773609162935796,0.2753942823000778,0.22533326331833217,0.9847545218145033,0.33280730884984466,0.46787814777749953,0.48350409904797526]}}