{"means":{"v":1,"dim":[8],"data":[0.63908538955241,-0.0012200323759683303,0.07342859630148382,-0.07107914450902714,-0.1620808423396882,-0.0033955802575352154,0.42357642357642356,0.3096903096903097]},"standard_deviations":{"v":1,"dim":[8],"data":[0.24652089804753935,0.502217248006803,0.3051441943444428,0.2584862648257469,0.2537802943659535,0.3284866584660617,0.49412492040639855,0.46236589598956146]}}